version,1
Fbcd,1
ab9b8ae2788805b068511ace0746b442,15
f54f4fc22d5a998bcf798c06463f814d,15
944c3df65e53b3a6a8230d7bb5bea7fa,15
00b802004a724f8e3da3616f3717a09c,15
a6b1c45f86b2ffe2fd41367b8be60a52,15
99b9f89f15685cb4b08adca478c1e367,15
2aa886407b7a05a6b13d96519217d394,15
9b36d9cd5ab9e8664401269c33efd771,15
9e89d95b6bf57ae10c5a0ea51fede9a0,15
86c7665766cf8a793fb5898cdfb28691,15
73ea09294512086ccebe018bcad3812c,15
7897ffd3aaf1aedaa3cd1f5bd360d602,15
d55070670db084781612ed7eea099fa6,15
adc2119d69602a78f6693f9668092062,15
b74e947c58fb36f558f5767dc23935d0,15
d5ce723a0c570b0d73e61e323bf412f9,15
a9aad8e785d68a4d3e23737e16271c25,15
4b45f17fcc34def93505bf75733ef0de,15
85927d44bc06631e2287d0bf89d96ad9,15
164354e77d13d87314031e2ac4c1139c,15
e97a21e9e2c2ca45514bba8e3de74a0a,15
a35cb03bc704561f24bb6ba601b312b7,15
2c59723498e113588506b249f4a3c1e1,15
bbb2787d58e1d4f0acb7bbbd70ba6a45,15
a632b43b29ac93e0f9cdd873146d5448,15
ece425dbab2ca8500fbf993eb57f4660,15
a0cb8ad4efa566caad5cca16d53a46c2,15
acd382ee43fd40573b609947d798c1a4,15
b57d5a436dda29b584b3618394ca9af5,15
8f09a26305f9d89c752522f4f7a0997c,15
e0a6017c7fd44eafc398282954bc80de,15
ceac7534d18e2c7f9ce84a7b3119f56e,15
917eae85d2e13c58571b748f549e2c22,15
3fcd562179bbedaab5f8826aeca84d18,15
e95269e83d42101508fdcfc1c1aa8da1,15
bf71978b904fdb9dd60bc81889fc56e8,15
6a420fda622ae0431827e02ec2292cef,15
0c6275ccf9c1afe0d7977c528c0e4737,15
2eb60a3a1487f9926cac7d10cc31cbff,15
c5bfac0bc962e4c3cc3be3214e1836c2,15
a331467024620739946e6c9c9066cd7e,15
6dc86ce85d0fb51c09b4b8a014576b91,15
3a87df364485023d85a952b2b350d811,15
be5e87a3aa985227214a163013446478,15
5da7f4eb5e2ce1c0dc1d4058e169904a,15
f8cc0394dc493d43fbc96e8447e1c58d,15
30d547a1c6596c0df1b898ef93193685,15
7e8511caf11961b72705906b3a7dc72d,15
d6a73431bfd0a4d585ee59ee6768a81d,15
aa7fe3dd30c7bb441135357711b2f885,15
5f9d9ea6d286c6f152ab42f29e829366,15
dab22549a0beb96d8cfb43524ac2ed0a,15
aac730f6bb64fc3b5a676e0b0db1d615,15
fb512a5c3cb9faaa48ee6335c11f96c7,15
6e5beef2acf1efca20703cb718132238,15
f57cc6ca0825782c07815507e1f7d725,15
fd4b84b59de01306b9f0758f0e3b1c89,15
794bb16efccf76beebf34351603b57f2,15
f2c1155cfeca30c24e7a74da0bd5d865,15
127a3fa0eba10bf29600b4fd43ad002c,15
bca57d786769b0157ead1f9745985bb7,15
90571366a021cae45b6bfaae827c8c60,15
87b03cc6fc805970ab943c5dbe3c4908,15
3bffa7de23d949fdfcda4e4a160b4a96,15
b38acc0a67c2a1e3ca9c874bef01069f,15
ff94c4c92370f7cf9dce0b5f4481c2b9,15
d7510d7ccfd10c7a094b64e6ccc82225,15
8696d40ec471f8b003df6845542ba109,15
74dd960762445ec1df22b7345169b7c8,15
a65dc0b7acd2af621aeb1b65d03cbfe9,15
9f8f96981420e0041028ce5fc64116a8,15
1e8049ca615af5540183193aa5fb3353,112
c32139c15f5ed5ea8a1bef4d8193a62d,66
d100c0b35a262a4b8a80c5b81fb7a0cd,7
e232326b677096e58ed600f4751e5f05,7
e9b76105c716b7b34264003ff4e09d80,7
8d65470bed9afc7859c0cbbca5c2c0c2,7
3c01eed4518702bd7dfabdd47ef69522,7
b406daa049cd9ea8a6fbc9c4ec07df73,7
3a3de009a1c4f48413461f8f104bd49a,7
9f00016fb9a9ff4aac443645a052db3f,7
fb2758d70130447e89362f82a15aa4f4,7
6379bcb2337245f9e324a0b8bd39cb3b,7
29301007f0fd3851e6d7702e85ba9ba3,7
20e6be95967b5a9ded67105a2a9ebec6,7
c444a4a17a1562251f2c7626dadefda2,7
72e15ecaa1a4e033e636cefa02649d00,7
80bf539dd3f0d0471565eb889122b549,7
cd23625da775bbdc059399a87ad9020c,7
289be44eb15c5eec723d6a6e7460e4cf,7
5f72284ed0a6eda283519808a1073f98,7
6e85bcfcd3feb504577afc27d154b6a2,7
730578a0d352e07d078fa51821f4f7ce,7
347a0025764028ad6a54244e7124a25f,7
0f6043d17a6781aedd9e865c30f8685e,7
87abeddd0b9395ad7e95516a298b9f49,7
f3800099a979927c4c1c9538a2971dfe,7
f6d856c7e04a5d0bf3e855251c3280c7,7
e4ab562a724a5ac3a424a2119831f725,7
d67ac5c8111bfd62cf776775f44ee07a,7
20f1e2ea0f05b2e69a5853dd8889aa11,7
c9e76e55e53590f3040a88b974f5f0e7,7
44c69489d24a2185cfa0326fcef18598,7
27b7bf97e2c69b349af04414d3c9fa28,7
b56224f298727db2e578c1c341f2bc08,7
392e1410367b2b701d8b060a971e1fd7,7
c5e63b366d37896a202ed46e860abd5f,7
1e7c4b4596934820a91c129107269bbb,7
faff1dfdca560622053e12043ddaec1c,7
39273b165aae761778e11bfe343fb2aa,7
033a71ec103ccf5952fcfabdbe10392b,7
3c851e814a40bff26e2f0b1290c26ed6,7
ad00c23d043ad0d172716523098ea712,7
36da84b0eec28b08fd7baadc466ba3db,7
183112728a2208906b1fbe0fcc23f342,7
2a98e68ca797d651f18cbb99fd35c1e8,7
123cc368529eb5382f6cd9f46d617ef4,7
5c25a138e20efec991af4e9b8aa86812,7
175a24dad18a192d79e434737026f630,7
e38036581c015ae912757cd42f121c15,7
b72a1b7b5717e44023e15a68dc49837e,7
79108d16c96dceea39e556ea2145976d,7
ba1b8d8443d20fd762109503b0c31e76,7
fa4095f7f2f022d73f7cdc75d6a3de96,7
91cfb88056e6c0a1e1bf7959e5500a13,7
da8c9a1ac696425cda67e245d061778c,7
2a3f4cc541be604b00bc80eb5094d468,7
f870504a1e263cd10274cee3a1beda0a,7
2ae410bdc9bc22e02e217296ba89f1dd,7
60d8f8251d3747b387d7251b56c957e1,7
f75332838b4327873b84a00af606240c,7
65d370673889ea86ab79d861128217a4,7
7cc73821bc5349c620c7e507ec22e9a9,7
c30abae019d37473ad579d0586f3facf,7
877dcbe7161cfcf9dbf7f2bbc6098c30,14
7c83363c3d859b4d22ef6b22fe5d3594,7
29481eb41e9b20b96263b970d4574815,7
0a6778e89c4ae1571ab0221dee43341a,7
5c0bc02047f5774e4e4f29dbc4f057e3,7
57f8868015d7ec43d9fc21a0a4841e63,7
2128f8db376e7eae9be918408eadd3e2,7
d53d228405af528873fcafa38d63f9fe,7
836a8f54990548ee1b57e62c49f05cf9,19
e9816a08e7b2a9f4973fd698ee226c06,19
2ba5fed1f0eeefcd0bcadd12515577d9,19
00244d106ef8209e97e965619122b588,19
29774ecaca1d9d478d06767cda4edcef,19
5e5e466e147cb9c1a2fe301eda986500,19
84269d38581b5ec51e54b61461434cba,19
dacaad06ffc639460cd3f17ebbeea329,19
86a86419edb82ff3547d0fcb90b1c49b,19
828d3b4018785a978f6e30e51a91aa70,19
6de9648ffdb84f39fb4356136e77f74d,19
4e34eb9e11c38b03f9392a3737ccc573,19
f59a2f561d142d89dc3df99693cb65a6,19
0acb4f83deb30f3e7133677f3689aa54,19
933a504f70c518f7231b94dc5259f30e,19
d29ef53d49bbb9b1add2b2bc848b6f0e,19
5b4941afe945320d730645f46f3c4c4b,19
8940975ca64337e0325c1c56a0e573d3,19
5138ef80bcd63d3b105e46934b52150e,19
ca6325c04113e9a31463b321ad1d6419,19
7443f2ddc45c822ce056c4e1ae479cf1,19
3f74775c558be29d5ab03e180e12cb7d,19
6f58a8a635df70d03c74c71a22aa0380,19
75334be6509cd26c4b404ae019a9e3e9,19
61da0ca0a7189ec981421432081add32,19
7f6adcfbe2fffdf4009fa127fc55f48d,19
2951008268f78ae92bae72479f45eac8,19
f6ab7d5449037cd535c166b91888bfed,19
0e73990429bfefa6acf60916340b95ab,19
5051e6957a4afdd047b3e1a3d6444762,19
b0688a3c7ad8bfcffbea4ca1ff67d7e9,19
142c4de16c1939e6393d828235086b15,19
be7ec0a7b3a93b05f48afe8bf87f994c,19
96074efb262f4d4b4633722b20e1d2f7,19
21fa7cd060df4e70000a39d9a7af2e17,19
d88bff5a43d08dfff81d273256bdd453,19
775337bc205e1e77f2d41c0415b613e5,19
a4a4cb8989cca0fc976cf23d23f47953,19
775eb510917dc033afba44503e1c75f5,19
68b7279b7e8feffc11040f69db6100f9,19
df766884dbc460f510d20aa56c67e104,19
2047f1e054dcff06d477550e48348f10,19
acaea00b85ca355d72d24cbd8cfa64b0,19
3e86671179e630f4afe9e76bca5d959f,19
1e1b4c25b1272680b4580f3e8ab966da,19
191a80ebc7851be8ff37f05df8a8c3a0,19
4628946f6295308555d0adbd33681f51,19
a90f5f064ccec096e0234ff6754ea1f6,19
64ed9fc312b02b0ad2ce64631e1cd992,19
5acbfdd9069877ab8ce796fb0905f694,19
3ed697f35af21b6a6cb6c560f9f8aec5,19
d0cf35fa2b822f890cf10ef3c09c586c,19
478b4adeefc3ec17a7af1bd8b75c093a,19
af779b563843c2f85124ae9da378eb8b,19
bb17976692ae8383acb94005f0977b7a,19
65f737e33daa5a4f79e5306d42240816,19
af31ddbdc629fd907d201464fbf919c7,19
611f453a33fb0459d5639204790da152,19
05b8a645a4b01972910b4bfad659b2d0,19
dfe9c1b0e4bd982c6ce2cdc876e944bd,19
bbd21f12c35434912c4a3945efaec020,19
38d5f27b182482d5aca6b4fa1f1ae096,19
bd81a91c1f80f51df313ff6ddac46ecc,19
6ca7a7f52cb632eeb3bc812c8689e680,19
745b28564530c2d99c11633a20cde79e,19
d6c813e871baf5ce5450068aa0128996,57
09e1a4d74afc8518bd717c0078a4b9e7,19
7eb9f2ee111b91ee7d4c7fdc0a8d79d6,19
c62b9765c7112347b3c2ce06a87d9de0,19
5721c7f941d2905fb2fb4b4235edc8cf,19
bb65c3d6cf50ec202a59ecec8b4fe9c7,19
fa79eb2bcefb753500c0c36795b8dcde,19
528678254189761935b275de30200f9f,13
973f82ca260777ac5de3d885a666878a,13
898693db8eda66e8ac06168bbe03238c,13
f9d3cb1e947341cf30cdfa12efd6eeed,13
09c03d033ac373516093422e19dee0d0,13
1347bbf3c9b775886e368c668e545a7e,13
73228a50a3fe3a298cedb69c91ddcbbf,13
c2da66e9f359dc5fc6f9ac76c986b484,13
f09a3a95219045e5cacb08827e33cfb0,13
0741d3223990b073f3e06d2d29ac63ca,13
9e4d49dfb5e89e593348e350e144827a,13
b2e60b096f08eef0d52a23f448f1fd22,13
2f2c8dc98b31f398abb0551b9b323d4d,13
eee688ef9088b138bcb48861dc373dd6,13
3ad68d21462c802fbca05c90d4bc063f,13
edbc13fb392783462de95c4f780a3bab,13
ba9d4b8fd6c6403214b610575cadff07,13
12cac606228acf935582669fa8174f20,13
1a77979d8908f1b24805771334e9f70c,13
54dc7838aa311fff86254765fd0268b9,13
ece9183a5871ab9264556f79789f0eee,13
1c558d046ca4e6e33216d84820fcfdf4,13
4513519740b27eadc90476de1588c807,13
75d92c41c99ec9ec725c1dfe91457822,13
46e8884fa4c33ad75104ab280b5f97f1,13
459096ab8c989cfdd9c722ecb22e60a6,13
5ef74a95def51e08cdda97766d2dbceb,13
46e2cdaf888fd1fc214d78ca6312eb70,13
ca04909103294cadaf5974c01f0521a1,13
184e66c312f15a23bb3fe9aaf63668b8,13
32fcef7acc7ec23d22d1ee26d3415d46,13
b8c54d2ce81aeaa232ebba65b60436b7,13
387939ffd92cd351f5455025d61ee806,13
baa64939e59f4c21f1630eeed96b5ffb,13
493886d0e662d1740a9e1aa4bcafc862,13
5ac534bef16107a5b3e5ee6626ffa436,13
978864d61dae7ffdbabcd10dda23853f,13
3050769fa28e5237846178560dc1cf25,13
dbbad535b052f45d2ce25bb7e02bc3eb,13
f5007af523db30ce2fd42aa23c2bc7e5,13
d9e7018218ffe33ccec17065c3603215,13
aeb22248cb1441fee775ef993258f5c5,13
84a20db298a7bd95b7b4d55d9a94d229,13
1c953e72963ebd6e7fb365c0c8d6091c,13
06602216dbd6ba97c40b39ade83a0352,13
3a4c0bc3c78a620f7fd8c59e081dd7fd,13
bc53f7448ebfa48c2f1734c4808f3ec6,13
f1fbca8cc451848a53535f1213022233,13
0a9adcd84b0295421efeb8aeb642905e,13
0773308cb6f5e3a5e917622f4db11c19,13
e7a214996b2397835b2b25d13611a5c7,13
509bfc9380abbd7e4f811615df67a0a3,13
336249692a552f4c2ba4780680f12cc3,13
310aae8dac5c83782436c3c981d35f47,13
e077836b68830199e4141d08c14a0c3e,13
065074d6724d5143496fb12fcfc4dbd6,13
7642ada5cc1b9f6beabe478eae3ba1c7,13
7bddef56e7ccea635f6392321325089e,13
8f8727c1006141ddb70fbf2f597b7efa,13
8b00cfd741a8d10da81d4eb816fb1680,13
b19c6d31cbd0d335feca27b9113e7be5,13
1187ae8498a57e1ecfbfd61a941baadf,13
fe6b8711e48e429eb6d983e85cb30ed0,13
d237cd75c75da5000c623e6580a7fa4f,13
6b653f25592c64d18230de70073c6b5c,13
6b7b1f48ced6a72c777e42e847396463,13
133a4379903e4ba7c42be1206f6e5529,13
4628b43ec69894e0cff2b56704d8c326,13
f726f8ad6522d4c23ae7d6b01e9d1e69,13
2fc8ba7c0607001225e598f9719238bf,13
9de51b4339f8ab8544e2d51898a8c5e0,13
4139500f5193f7fec56afaf528112d05,41
ca5473d6a68f4f900430b1e94e8a9cec,41
270541bb2bcd1e0b85929fbed678accd,41
f21ae20292c5f9a54415cd6ad5255641,41
075aff778260a98bd5cd48301042a90f,41
8b8670297bbf4e390107dd9291f1ac4a,41
78d891b1a81157fc2b830414da35676e,41
2e767cae05951fef117fb471bb1f4ccd,41
5b8c31a912db096cea6947b3ec0ac9c8,41
783f909b85938b52480beae681130b8c,41
ecef35b3afeeead6d0a5d38504232e7d,41
d4d63cf13401af748ad21c4c3aaacf01,41
29d6ebf7815d4b678faa83f40eb602c3,41
c8d5acd828377cbcfa46ae1bffd0fce2,41
8f417fd5ccb2a2a4cf58b86d7ef2bf27,41
22430c9edb04289f9e2a6e4fb9efa1e0,41
7c37e7b40fd86c545ff97f54bd8661dd,41
0a51df921efba33440cc0d077cc2ee5d,41
12e2d885f786f0b6d0a33b2152ca3ee2,41
43a9d4ba1c4561aa489325d827cf3cb0,41
aab8954dc9fe99e5006df916de7e521a,41
88ef398e451a6bc05a03f4abb63b9334,41
ccb60609adb056cef0eea89c440ae7b8,41
d162e544308142943fe8a84d5e8666b9,46
18c45091d1258bf856697220717c467f,46
33c382759be5f949bf9570530696a7a9,46
4357d3cb8bd2feb7382a415217a1ad00,46
67dda9645bdee2687687dadfcbf1ebaa,46
4429c8a7868fd172c190bad0faf39f6c,46
d2a4bc8a02019ea8383a2b82fa22563b,46
3c9811d87558c3552fd936d6b692aab8,46
9a0ae654780f45d3f15cacfc8470a232,46
06ffa056394c9dfed22f924d05072cf0,46
ef50f2dad73a0cfe2d15008a3c0b0087,46
b5cca62d858e8341a27cf8619f081096,46
16a9de83e54fbd945a9aa9a525f16de1,46
107cf09077cb184ee0b1231b7af9b2e7,46
2d44b48fff2f6bbe1dd17f534e855d3c,46
11776cc42de0b66b16b64bd60722bef1,46
2fcabdc6a35f7d1a511244b33d98b064,46
c0eeb8157ff3fdc61674b59f62b80a49,46
47471793454cd9ca7448798c501e174f,46
f3f78f1ceb2e4bc32655559e4edf1018,46
e43396861d5a6706b0d315e054f74dd9,46
f8b2b43a2757c6b718354ec8801651c1,46
7955dbb678f8767df9d427539899a801,46
18596cc14a7ab3257b1ba940e94c0acd,465
641179bfb807e66edb02780136e98578,51
7e001adbd9a5790b02e205a0d1c676da,51
4794f99c30f67096ab6d6d00c4f0a654,51
3f768a9a601b7f6432a263e80ce75fef,51
86b47054ce4b3e27bf9a181c1a1783fc,51
a9be00772ffd87c0460c00da9eb914a1,51
3640b11927fdf1f6f2ddeee5c087bdc7,51
056b3b9030379a9f74229ba3222d3658,51
c643b949452be6e5a786147d5d7c9f78,51
a07a294ec5bd50ee2b2d9c2d69bc12a5,51
5de6b702bbcd1344f9f9ff560f5aa3d6,51
1bee0c33d536786281f7729105549030,51
ad2d2e938079e23ba169e425932e05d2,51
bc23cf4ab1a130ebb7bf3e98ebec3efa,51
a173c54dbdd4cc8b533f1afdb55d3775,51
0094ceadef5e69a2a9bebd0d86c0e12b,51
b28715fdab923a99ffed6415bf153a42,51
e9dda2fabafa157eae5c48280f43ec9c,51
da213b0f15e185f6d32f9d53a4860511,51
db301f66e08112fd5932eaf439c2d372,51
45e5ad50630be0b55a16850762894a9e,51
222386b7497ce27495395e792b965c59,51
f3c90794258fa3e25988a699cd0d1079,51
0fbdf40957cf003dbf177fa6226323c4,51
631fe93f5ede0c5d02dc21aabe82a91c,19
50835000cc8e243223b9e706de790a88,19
f07ce5481739cbcad4a6dad5e1b8a2ad,19
7c5b9d7577d281401032b23a9ea4949a,19
133630a941a84928cc7b6ea0419292a1,19
8769e846398b786df9794cf4f02a5c64,19
c886a0b55bc9fe5bbdaaefdef3eb5a89,19
a052408835541e729175ccb8fff7c836,19
4ad68dd622e7e881a9d9cce6e45478cc,19
070c9f186349c6b6ea8a240f7348c7da,19
0c1e952a2a4e27a1de1cc7aa0ac625c9,19
3f49fea8f6df408cacfe85fd1a6e02ac,19
7e628a798e691c27e4df640ed2ccbe34,19
30af3347ed8f7492023b1d75b24231b1,19
70b1d339e52d5558320b2b7b565e6a94,19
d363309f531329f4803f41efc05e1b3e,19
9e79993da637b098e5b1b372567cf8f2,19
14bcde20f0f7031ec9b4963d0a90ae1f,19
18e77eb4db605808e5d0406988c37836,19
8ad65e93643a809889802c6ef41894ca,19
9ac5d6bb38865d13b7ff0ed61451fb7c,19
9551450dca87b9ac8ca28f663beea10e,19
a5b8438569bbf6342282243fd9546577,19
a5d1a64abfcc0f6f4ac614cedb70eb3f,19
05fc590c29e8ae2cd3e86b223ba14fe3,19
f9090d5bbdc7659eff21ea68b20c813c,19
1c2af86a6f10b13af8656061f4b5bd92,19
02dcd0240047706340eca334784dae00,19
e052b3d63bb12c3be9d046340650ad25,19
454e046b03131e3de66c1f682c7367f4,19
781e3768772728cd4b709364a2a269d6,19
7228bac38e22bf3480c20ab773514f70,19
956d650c45814391ae64bd7a763a5bdb,19
ecf38be42eed6efc3af96145f43c1dab,19
973f86681a0579882c25a37fea92ed5b,192
7e2dbea9eb52458e812e37a5f07eb260,85
bfca4f6491d7a2a4863e7b6828fc7762,85
81cbf3ddab5e63d45fe01976c62a1f73,85
3267f6d86bba4b1560e0b77991241ee6,85
d928cd7566bc05a7787cb0c61c433cf5,85
5b2a51fef66fed2b3a734df9a9298709,85
edbc44f3666e74316dcb16bc365c47d4,85
4f23a2f4c49ce27c6dd49b3daf80ba63,85
764890192014036bd88058d9db1fd50d,85
547eda70107e97077518a1acc585a1d7,85
5619a8a9e049f8524038699100395c9a,85
54b27129802e12f81a0e91a71d60fea3,85
b2bfbe2c4278bf79bfd6c65d60c4bd85,85
3a1027ea5a4e8bf0435b4b74d62b3409,85
874cb5c121040b6eed2275f851a83f0a,85
d2e5ad8d1cdcc131f04adbd5f6578d0b,85
35228a09c6187f471bccfd413cbc288e,61
b28740010cff41f8494c948b279f7881,61
a79c2c3c3cae78192eefa56d28f982fb,61
0257626462d364103801d827b495e36b,61
bb08c5da12a0b42572172e18c320743e,61
6faf7a5eaecff9d441e17d876c38929e,61
fd29e89134a7986aff0db64d00d66637,61
d39ba1d49449739bf31a226b6409c193,61
584078e2e2da0498e4779c7875e757a4,61
9b2e265b9604f6d0a116fb6d2d8c3853,61
0c9b2df9134992dddd92ded4f82bb6ba,61
a2e54af02e39d2a2bd912bc4647f7f56,61
3529413fe505e2a985ce304044a1cd35,61
c30417b2e5aad4321b1d5879d2cefade,61
2f02a26d0d8e4e32e8c25603999f0fbc,61
d259ec29ca1c57fc6edf1da3015d52b7,61
0cb78bdb56981f29bf29c78b3a178a82,61
d0bc20b35b409101985520370b713f63,46
2b2ee7c9744b54be14e664874c317d93,46
d4e5d64b086790d35307a11f69f1ba67,46
6b1d92e19250302e9a2bcce4452cf9da,46
30f6cfddb51f99887bc4c566477c89bd,46
4ced2302417ccea08be60bd944a822d9,46
c4cac8270d3b5b666844fefc7cd6bfca,46
9633ddd3a0e2f7ec841a9f15ce495d9c,46
6feae673af5ad648344fbbb76b29478f,46
87d358f1ae7944559b37f1edc12afb2d,46
8394c96148ecc4e1b9b03b8a73f67c96,46
c625604c018dbbaa8fd55e030a35d878,46
f62a0bc2e1493710e4ee9555b44fddda,46
2a6aa46d964c0e0fa147e4d798805f83,46
a7a19269215a014778384c329387b384,46
ed65140c3d7f8aa67db388d3650ea87e,46
2ca8b60efd32a19fe9ea5606b1e1d2cd,46
cac11b842a1677867f640fc4bf2bae1b,46
a5e98dbfb532b219bb085ee5176a9a9a,46
137df410459e40c899958f7a949c546e,46
413ebed2da7af06fc5efa9fc1ffec2b3,46
e5b5d525c631529896253bda36898a1b,46
c70d1f3c994f6edd4cd5f1a4f71c7e26,46
a24edec2e0e3d082fa401f21d9a3e7e0,124
e0cc2ac7d3487a94bbc00bb74ae2800b,61
d6c9d92290b1c29d1af4972cd35adc67,61
45855aa72a99154e15aedfa06314c968,61
1365a5df588557122653a1cb538cbd1e,61
111397695e952c448239a8467568dfb2,61
eae70f45f1bcb33b477f2a8f1a32d692,61
49474733bf9007938f0402bed74121ea,61
eba06a8eb17a1966c3739e6e86295dce,61
fef043ef62d127e00a33319565f05aef,61
03d1f9aec36f68ecfa10b658a54df900,61
b0907e87393d9dd4f0c7dd41d47d9f68,61
927316575363c2b3727fec4e6cca2f5d,61
11cb7fb5247941f3c66dea956b89453a,61
0c3e69254af89f155b870b4b4d0b3455,61
054b2b46498d698dd4e800cf08c5beea,61
3ae9fe6fe08859df3fdff83e01bc21a3,61
e5c41b46253c913c0772e4900d88708d,61
b78b4679ab9bc59abd281bf0b200d05c,61
14f9b2f24f0c65e6eb300ac21a5bffb4,61
b6bbccc9f4629571afcb6ba23c541127,61
69fafa918ef65f3c7683eeeeda0a5ab8,61
bdd87876650c957ddb6962ce660678f6,61
9b95c46f1284f26c29582b7a04f7d04b,61
b8499644e031fdb6cd6136f780740ea1,151
fd8b820b4d36aed6c8ede434f65a186b,151
74c3ca9faba317bfdacf31c7a10cf1d4,61
0ac901b41f952dd91361f835afd08932,61
8b6bc70cf74e68fb0d52e064d11a4045,61
997d21477a1215ff213e57202e14c0a9,61
700206b133ad9388ce0badc0d178da5c,61
6765eee2d287468f744dd68c9aad6e80,61
e6d9c51816c8b0822f41716402f87218,61
f652c790386bee771b5c3de309f42128,61
1ec499668666a70f1adc48f24c14ebaf,61
53e91bfec9ba181c751aa75f34b5f9e7,61
5169e69fb738a2483e22d9a334b6503a,61
b26990e245a2a70c6d620be457ff255b,61
6f93b9ec4bcdd491d0b9695dc0934b6b,61
8f76cdea544449e760b172b2406a98c3,61
ed6e1cd98ad1d6ac1c465fbb07678f25,61
7669a1bb27a5ba0f49663ff32fa8dc49,61
bc01b9851bac4f4d014465ce35d5a2e7,63
39cf30611a5c48b66c1362d18aff1a7e,41
96a66f7eb3ed9afa5d6047a9289a3c9e,41
44777be3f09803dbfd9d237109689dbe,41
877f5a81cf9c3e40e1b75c4fb0e473ec,41
36ab58f12100fd5cbd5e4666a046aab5,41
1a5e25ae4bccbe74b0a07f6dd0f605ed,41
953526dd4174ab41eaa39e0425c778c7,41
d32ca26a3867298cf6b9b196937bd697,41
02e0dac1d7d7523ef45e65e0b87cfce3,41
0cca633cabaab9bb08ae030dae90a3f6,41
6938fc1df28d44cdf63935f6ee135c8a,41
a511d87a521b6ade0a75f7f2ee9d6cc3,41
162208ba5be4e12a2712575294b811e1,41
3a4414aaeac08960c1d292d46f3fcf66,41
00b77d630ca61a94b51cd2be8575fd00,41
5e63638722655d9db015514a404a0e87,41
16fcdc1d3af277b4160c7496b476f4e3,41
fee24a07aae25f1292995248f3f9cb6d,41
186b4509898a7097d1ab18d0df80df91,41
4d4a9d2e77865a6b2d65605ba30c1280,41
6a692ef3c07795633fbdc4e263a73d01,41
60709248f0e2f2a775b02e837da6810a,41
cfa67f823b2fdcbe27265822d15deda1,41
91e8a94290e23a928029a1dea279ebed,302
64efba9870ac93866f6a7ee2373722fe,33
43b6d0055ac40ee1944c5a6ef2a6a5b9,33
bd6e38983b4c4a8fe814fa2fb6a43c73,33
4ae597b8a60b6e272c9c9b8bdfde4147,33
6c9c41db691085de2a8e8d464fa4b247,33
5691a3f5874da0581c279205fd8bfb10,33
57a7f69ba7d868fdb90752aa88b734b6,33
822b02d865fda6bbfb94eb90c8526df6,33
d670772774f686b4db234d06eb433814,33
68b4ee11ba3d282dd6819e3e8f0a979f,33
2e517f0b4d087dc2e06a034b45da3647,33
270c88931d1107bf212f407a98bb06d1,33
2078ef0d3bfb8817148a141c310b2e20,33
c6f689cfbcc7dbd74642a20b6b8ace0e,33
0270f57b74980e185c3da50551d82788,33
bf39773331d93e0948721eeb1f630fab,33
d9835c6b43883a6f38382eac6466315b,33
4ab081b8ff18f70139f2f9d2f22dbda7,33
5a3b2be05f3748455df6f05900aa9500,33
d1a4bc6f81b0aff5ca14695ac953c70c,33
331d24fd09acc53d0eeb20dfff339d01,33
8e4eab615c6945524480f04b8207877b,33
b81c26d98f95342ea0060654d5fd175a,33
a160ee3fa43084760166cc174ce00484,33
2f2486e41610d414a253dcbf421baf12,33
cbebd41b832376cb538223df44a1c381,6
88b95de5f837f59fcec9c82fe7577ee2,6
90012939fd8fac3995dd89ca72254ffc,6
553bfbc3cb59ea0edcbb1bd3a24ec9a8,6
0ab4e123abeed7fbc8ac6ea722c3ba1d,6
4d892a1dcdbdc204f6cb120b630588d4,6
a0be43873a8180c43a49b0a494895b77,6
07c6bb419607b31019f3125d6ddef2f3,6
26578b4c3c39f0ecd68cdee87744c9e5,6
537513101c220939661f3d2ebfc3321f,6
ce135d2ed949af565f1f38a7eae8a5c4,6
c9d739421ea8efc2a4e56f5a888baf7d,6
491306ce57fb38b37e82a8c1f5e6d4c3,6
31eb7e104490ccd42c99f3f2ff0ff67d,6
99cfeee7f1ba89405002398d5f1359c3,6
373959695a25042c4d9b0d5f51225ade,6
581861fea3a26ae0db47456b31dc6041,6
6815961b1328d5165e3e3f383815e4a2,6
8e9e30f4372156c9c49c1871b52f887d,6
24e9012573d1d06c4887e8339cee0c80,6
2280334421f5080645f1d7bd64686770,6
c27cb1d83f1e3655b609bfbaaf7f01a0,37
d23ec073f70c4f9733b6c09f69dac4bd,37
7366a492f67e3f7cb3d312222a4bf51f,37
f963cc1e08461bf16771392db9f09047,37
07ac12a4bff0c6ad20415a030e36876d,37
e855bb317e9be25d3c21e82cab04c454,37
ff3d295c7305cde1071cb600fd4a9ee1,37
9bdb9db54a76744594846f4956de2e48,37
2d640d0c803a42da8b3508cd0f4f27d5,37
46702fc4348fca286e3a663b75cf0ae4,37
473338e5cd30fab05a00fa3bc4ac8440,37
ef00666868697d6977633b91f3c4c93c,37
c18ed7a3b4974ca82070ea5315dcce3f,37
6756cdf4b51da90182d320f418dc2c64,37
78b34ef1b481b7530a7b11f2ca58a17a,37
be4aa314bfea4d6db8247717a79dcd75,37
72db9b3565571c243873061392277f5f,37
847f3a3fc33885de714f576e9fdd0830,37
7ef01c71bb8cd4712f441c6f71ae8ca1,37
8a9ffea6588fb2cc855b2ca6971541ce,37
50fd19fbf2a3674103e33abc0607631f,37
7f2c5e38096a458f8dbde641c45b874e,37
8ecc89598777dd977df6d6af449bc7ca,37
52b7e95fb234ba3e6bebfd7507351de2,37
82961b0c0b3d19e64e9673dc66398b14,37
97edd3005b3e0cb5066b48daf22b030d,37
c7a4ba4013c50e1f126e99f4dcfae4f5,36
975fb7ad248a045e1ffd5b5cb77eaefc,36
2aa119e6f5e459c2ea7b86a2fd591d26,36
a3135bdd706e92a7b7bb6c0da50b80d8,36
d76ebe7290a3d80f2d0a3c8acc4861ca,36
a1151b91cb5ea17a3bd644f61523387b,36
4a7080b78bd4396f96766aba5a04e757,36
1794050bb753d4efca9e481dcd8826ec,36
93d22c0ba133bb41dcc66f6fee35ecfb,36
1897c5e8f43fb2e4304458610605168b,36
ae0f3699b4c796a73272ba96a6a111c5,36
eeaaeec8b662eba9d2aebc97d3d6c334,36
573bc7d482855a465e75a35712860fe2,36
2c87120752c36662bbc64462b350588a,36
90775a9e532aadacd94e0a417d1d49e8,36
c04ce917dd4eb4dbcc87179cb45c2d3c,36
b27dde69d6dab0b90e92ba181deaa04a,36
d357c463f5bd32f619b9f0e5681c2e7d,36
9fda127a9674f03e0a8cd5bf30c8b29e,36
bc0a88e7dc933b50dea38efdf107d630,36
6986994cfd4e3aaec4d385986821d242,36
7dbfa90fab28b3852bcfc6230ad4a46b,36
5a914713c4bf25674c1a0ce341c346df,61
d97bc186d1954fc69d6093a5f7868a58,61
3a05d385edfd21e4450022c468b1536f,61
00a5c9209fe46e7ee1f87fe41518fc5a,61
36c810cc649f30681fd7fb9e26393fff,61
3004b2e7a1df3c97f789876c2cdcf341,61
3bab2cb4d5ad0c2daccdd8f4091f8387,61
861247a15844527302137a962c76907a,61
824fcc1497af0bf89724c4cab9bca03c,61
142dcf39cdfcd46c4cb0fb6a16c5767e,61
df0084857596464406defdf19c104ed9,61
345e60dec7a71d901ae0d5fc016299d3,61
6e41a667d1bb47f15829b77dd24b04cf,61
1e4230c636702bbfded8fdd166c57620,61
1fb1a0b3146b0b7a892e2d58f6098ba0,61
cbf823283b3b3f4742c354536e3c4616,61
b5f619da4a67661b89e30c47d74d519e,61
14d02c2ee686fe199b2c183d620188b2,61
f8c2c400e7804dcc80a0e91f05d035ed,100
6acb7dce4f9a133049741472fc642913,21
71a8350d51ae0edf46da9837d77cbe49,21
76a84e93234110e24fbb3aace5a05041,21
5a763926bda7cd6320b782382cabd161,21
d83fd40325b6cf27f85e0093df9ffb9b,21
3e393a5914d16562d7f4b32c380f97bd,21
e88df871e3c02a855aaf0ccae84439eb,21
3d272a6a0562ae546f65f20f68ed5bfb,21
0e01a7f041606eecd0cb47806bd38df7,21
c1f6d7d20b86608df760503a25d27013,21
ed2041d11624b5d015eb71549af6baf4,21
a165b4d5f44b09334c2f6af4e144f147,21
222c85afd8e34e02f450efd8739af916,21
2a8b87f5496e570ec4a59a481bbd08dc,21
c6a6c3c095986386a8203ea5d53ae378,21
76790113ebca73ed3f4e96646b791acd,21
628e9eab78ee021256d65f918f9cfef1,21
9abf82ff28e452b9b4414b8e27aa17f4,21
c440c4702af4697c04d69f9ecd932196,21
f90f1bf34669cd23a063ffb023ce2e39,21
2bebb9f68ff6721fead965eec01c55b1,21
f01d02f18485af345d16a9e144f0551f,21
c9d0147ac219d280439b497d91b83e3c,21
422dae268dccec6a337679c81a78433b,21
40bd3c29380f63a848319479731a00db,21
d01c30276c095972e994ba561b7c42da,21
5ac661a6d3e36ce89812be9308bcec4b,21
65b89624fe9cd9f15f24d82d7978d447,21
3bf7b5fc6e2f689606627bafeceae47c,21
30e95ee1f70df58af14e78e6933f9187,61
75c477694bbfc1c5158c78a71f9b8487,61
00ccb394b7267ab389e7fb6dced5b824,61
02403be5196c490e8cfffa83ee7df602,61
1d297f9b764f8d1dd966ab671774e6cb,61
739fc14fe53371dce27902662596655f,61
5e0d7fcb4c7a0ad1cdeb96bc9116c6ec,61
73a26ad20edfe75fae9f93893d8ff9b5,61
d8bfb600f7cc0c35e7b305db56bd07f3,61
9f546857670ac16fd41a6df9203fdb9a,61
ffb10085fdc96498761fb252ca9f4eb9,61
70eb68ca8fe8e6968449084d5c7a2af3,61
b40010ae98e3e6b860309b9ab8f16a05,61
56ecf78c125ea5bf09d8fa0797344003,61
7187980f22ed0657d864bc7b6dc21676,61
d638564d90ef82195c4a47f177761a3a,61
4dab3762840c748d3310b638ddfa553b,61
5b68129ae727ff5d13c09a2129a5c39a,61
ae8cf8e75533b91942a2a484ddfead58,41
8186a8d550c1e6fb43e3957e94c2da74,41
217ceb34564b6381c21e5ee6f7082544,41
b02f6f3668397cb58404d810956e16de,41
ecac4140be7b4153d776e6eb4e62ef82,41
3fa882140f1d1ef9a948a0e392ee724c,41
3175fd80b6bb3458343581660dc6369b,41
ce61a6314ece54accb72c35d15ab9a7d,41
66ee495ff223fb4dd2658cb9ccc4de37,41
ae77f025a47a0b76b7700a2b93f1b0a0,41
fe2c9df4517c0d2ed9742f9e4db95fcc,41
e1e8fa911eaba99700f071a51b083a45,41
620812e4f12d988f1c8ca02878d803fd,41
97a37e430426470d549bb693dd401bd6,41
e349241a9d95f8a4ee0334962754a7df,41
dfd55a835dc44db0f858198eb9248d78,41
5be80a208dad88fb2fd1875ee14009a2,41
679f9d26212903023abbfc075ee421d9,41
ac216be3d35ee16873793e498f194b25,41
955f105f837092c7b988219bc5e2b804,41
40846d64c1a7f8a8dbe96c4a4ac25d51,41
00b662cc32d1278268e556315efa16c1,41
c2c33e51c872b927fbc07c12aa15ca0b,41
e103c8ffb74972490a5423485c2f4a42,31
7fd53e2b465145ef806d2a7b04a21341,31
4e2072c1f6514ce745bd2acc8aac49d9,31
b57484534c0862ccf3a88ce78779884c,31
d3caaef609ea96a75e8301b88ef967ae,31
e711d5ed6f19001ef555ea78b7655050,31
d09fb0a45e1c39dc64fb0d98009ab3d0,31
1e2dbaa49a8cdb702332787e653def4c,31
058a95a6fcc7d11b44d7578fe26a453c,31
cb2d79754959832f49f52f55951004e9,31
798b335ece0329d9c2323928835123b4,31
c405c5bcb284beb8713e08da8a1dd8e2,31
3217a8466b38c9c02fecd250a72e5224,31
d2d9ed6b0fdcc0228c3153676322101d,31
d916647a3cd915dd02980763e8ea43f9,31
a406da8a3fab16c43ced48f5184d9dac,31
3d44d0bb26c05175dcfb8f6c4f02f10e,31
0d755485e88daba6ad34fd1ea688a603,31
3bc5fd853e024eda3219fa499baeffa2,31
d6a5d184153aa8bd7cb64d9901880072,31
bd301564b6b7a87aa2e9660b7c6ddf10,31
afb1792bfaa23efda84733d462c07bc1,31
ede1f514475c0ff15df005a3a502af10,31
9b76c7f87cebaa261310478a02b23568,51
368fe22752c9dd55ebccec6eb412003c,51
0b795d57e4f18de8183afd57dbecd37c,51
db47ae9da340022f886acbb09a748043,51
6fea1713d6632c21558a5366d8452f63,51
7b819ad055046856c363f9c421627ce3,51
4fcfb71a8ce861c678e55c178a162012,51
c0450ba0383206273725d5ff1aede8a1,51
33054072b374c4931d388b3c57599c18,51
a2ff9945127eb38a3698f44bf43c82e4,51
5e93342c66a709d51948cd2c74bfa975,51
41282610aeb9fa70b223d70958c0b135,51
91d5a6e4be58bc4bdd2848b7da3c7f86,51
dda3b23d3bab5b90fb859df952abfdac,51
9be2b06f09d105d50e8e46ba17cd37cb,51
913884b9063c460adda8ff637e1af53a,51
8617a2dc126b41bc479488da9b2313c0,51
651ea9613216e69cc838ffb76f10cae6,51
1d9f26d5ba443da6a520a2e891ece4d0,51
14b953576c4684fe0ef1aa2e27e909dd,51
984d543d093cf89b4e25992467b3f13a,51
b798eb773adba0a3e573548f34968958,51
1dc6bbeb43fd387843322b242bb7fa9f,313
e91a24a56a3e8997ea6e30c5e15ad6a1,49
bfff62de538780bfbe31c2eb6685f326,49
9e7402f950c743c4d4f8472e04f39811,49
0cfb49716e753eafe310fec3b4c520f9,49
88ef6ffc574d7c40e27196477b06fc4a,49
cd276e1f21b428ade13ec28d632eff6c,49
7f9d6a7064abcd9f7df454798c229ddd,49
57579dac624dd86f93cbe47820463cf4,49
c0c7d82a2d4d4431dd2410a5844c4a95,49
8e87781786ded05ef11e8592e44f0451,49
710d67ac365fba159c760d0df1b209d2,49
8a83e88a0698760bf86ea4bb9c3b799f,49
f5cd09bcfb06819f9a85699beb82207b,49
25e489e50e517460ea5aee05b9f3015e,49
e8628b214051f89650afc16170b9af5b,49
d84ccde935ad29016d98b98c4960bca1,49
3058aae7069efcc5b8b35a67aef8722c,49
61a6c73eb0e71c9859667bedc70dc148,49
422f2087b2b76bcf8b8c42ba22a0f9cd,215
b9f18a839cd6753477c2efe9f87a8fbd,56
6cc977130e35919be72efe4ae976bc1a,56
069018f8a665287daa6fe766dabd5b57,56
e1dd4687eb0d8039e07cdec09968d248,56
64b53fc84c606e017230796268bc858a,56
4ac84b8a7a5d60d5938d7e9dadfcbb26,56
147b8cf9b78c6ee07cb1f16615e416ae,56
3e39a9b3f0d956c5ae539fd1304d406d,56
02dac9d7048d26b33edb02837926aa90,56
49e8bc1b4bd1bb134b430901333cf282,56
25abc7e5704eaf53dc4e54496ca27e8b,56
c2260e3a710091742b53b5cf5c8a4453,56
d93f773fb0dc0d5f4531f9b4712dfd37,56
5c6dfccb132751cad8cf393255b8c315,56
53f1b0b7c162269d357e1606790c8762,56
f52e9787269256ef896377e0514d7c02,56
0826973618f52a0a2e822b3eb51f3403,56
5797981866ece8ac50d15d64d34259f2,56
c48484f42a1e6a63e8e055f18b421866,56
8c21bbfe3fee5410db8d9e15582c998c,138
06aad39b4122c0a2bf6056cd5b4a0e1f,41
a4e52dba67e61e08b3e6fbad9157e931,41
5d76e5a0feec7c060f46f147749c22bd,41
152743518f6200aa12d82fadc0c5cd60,41
2b7ea3fb5c974f3ea1f02c108ccaa35d,41
540edb466a43198e3e75659f3e46422d,41
e2a8f72f0233fb34f25c188a7c771391,41
ddcba2b35b861b1d743debc7d9c651c8,41
bb9fe49f454de731104e9b7e6552bda1,41
bce08a0bc0c75283b87c9498be5c3d93,41
ee5984c844b449caac3b97a9abe64eee,41
ce06e99962799b60a3f3167e16ac30d8,41
ad860a455115766c4df4a3e43d377d28,41
6882109a8d9cde26feb271e62ccefcda,41
51e290c32adf1575a4ac707c29c10299,41
38e77e7dd096f59857dcef5224bd8635,41
0843ef3cea81958f26cc1eccaac7e9ba,41
861d6cf6292b38673839f80bda07c01c,41
f8c00cbb1a0562c2055426d14be0b55f,41
d01af0b0a10715ce203e3b9bff620f3f,67
f31fa0346c981f107f9f6fd1b67d7751,67
b593a3b3487451ca942e9968131d9608,67
9d42b0988b06211c700fb603deecca70,67
1d692a38e1c18f2df0acad68d6dd4cc2,67
77d568874bb985de0f6c3fa222758811,67
b9bd8477eb5eda6afce41f6ba5c3f0cf,67
034ee6fd2b83102210bdb25ebcba21eb,67
f40f1fdaa5f167e95b332bf2723ba735,67
52d89931a090f11aaebedfcb8fde3289,67
172f041fa514c3c674485215a64f3938,67
223060501d4d1bdf34eeac36cc78c32d,67
da9334905504ff93029f1ddaefa7fc87,67
4e13701dbe477b1838ce6d467e287b72,67
72d5d7e1419e45ca3043a7990a4802d5,67
97c83c83ce12b10433d61aeac2501c54,67
da32fc979fece265bd6a97bbc21f26ed,67
dc32940507dac5b0662f8a8a9984e438,67
8a10e82ad1e366ad0dcdc5c91754d405,67
b161db11a8ed3b2a3f819c0d1447ef04,103
7d13d091a1a1201deba00be19fe6ae33,62
e77bb5afe6d995497a2d46299bb799a6,41
c6e159bbe5d259c1c0c2b4eaffec9c99,41
6d0cabe5dbdf62b6d63ed7c5d45a2630,41
b0cef74c574dc3078cff7242ed4a3662,41
a00330034ccf48260a195d31c56612df,41
74631bbe7684a57f805e08a112964dd4,41
38c164c049da9134da0e41ede2c9e0d4,41
969a08301adfcf27bc373ba35f2ff9c6,41
4902d0e2a22689c684aaf8517e41e207,41
27ff53f151fb6e71f1123ed0fcf9ddaa,41
324cba0724b22c6b263cb8e31793e0d5,41
28c8abc68cb13b5750dcd324d519d783,41
019fb2d9833add8f47bcef632c7360b6,41
76838c3908529fbf9abadf5256de5801,41
06573c57965947c56eb1508ca6b9e322,41
9720cfaa31490d946702e1fa1e5efb3b,41
0a1052073dce55f890e59bd1ed3c27db,41
efd01fe8d65ee8877e2bcb9b716a17ea,41
55cea7b74a90957e0e67e010caed00d4,41
e1d76bb643b59ff3257b78ec0fc363f9,25
6833b18408bf5cb6290eb3259591e2a8,25
1cc4ac8900310447e737e52cae087297,25
f84e25a10d1e1a2d6160058aa3760088,25
0ec4e5e14f43de4d46e7e66e1fb00909,25
b845d1777a74bf530427cf51502da9af,25
b22061776b207c1d204c6e480edd80f7,25
37f05d7c9680aa00b4537042ea9a1112,25
359cbc201d2f8545facc295e28856939,25
e9ce3f1bd6e9d912ce1ca79e737b3c32,25
2d123ff86d567ce23e213878ba9a0011,25
5985a26943a31d9fff570530a5de09c9,25
bd35fa361c41394334116e409cf064d8,25
4c55c8a686d4d5d7d1ec6f35a372b731,25
f3f215f9dde6fb63c8d67d1b11d319b6,25
62c0e149b7d45c8435a7a9c0d90ebd43,25
f819e95cd75d438260e7a64f2efc8daf,25
5f9155817f221b68da99b65137458a2d,25
497e03fc1c1c0f347de32016f578cb1c,25
dd4e33d01129dcb2019e2f07093b657a,25
33b0fc7a7b73ff3a895d24ec4039da8c,25
132fdbed6c2c9649a1851e261ce3e0e6,25
dc96585be5ba83957dd7bfcfa5054d67,25
22eed2389f6eb4fe03ef4a00f44669a2,25
9e432b40f47c74f7a6e8ab5e9457c1a9,25
53f9e819b6f63fa05ac306ce3a96c366,25
2f1c726acc9bfb3ff8578ac9b2e1acf2,25
728b951ad0d0dba6f02bd2febbe678b9,46
fc1d3a6d3baa6747d9a638ffaf483ce8,46
dcdc5f208cfcd02965f05c7aab9ae734,46
518aced1abc5616458948dd1539c239f,46
0bdfbcb4aefc514db4138a8fc01a4c53,46
61c60726b57c16c9b31bd80c2f4faf7b,46
150e2652bdebc126abe7a7b169bf8634,46
d3b8a705d2a9ce8dcf3e48158d7e3900,46
cb211a14312ef6d70c41265e98635f7e,46
69a80338fee96d62d687d2f10a9cf050,46
d31e243a49b2429dc66709dae2a52ae1,46
947c1eed44a5278116960cc31f2d0974,46
35dbec15b6d978c5fdafd85660b65ab0,46
06016aded4f886969d43e1778ae52ac7,46
c9bc04b9e19662910b26f09a2f1669ed,46
a4595a60a49a338984f0aebe769a2a54,46
d94a57eb1e0b3311a8cf65c0428d7dc1,46
13dafae5afaa73536f7c609a5c1b3f05,46
8e80b7d386bee7207f48982ac69d01ac,46
4f5500e09a9bd8abc439478e7ee92451,46
3e50b707d3eb0d35d41e05297e89d3d9,21
a8e7fd3078d7ded83afcdb9b82a3f5b8,21
7501f63c70e15f452f00e3e1555492c9,21
c652c90678d34e67c2b8a7598b451c65,21
44313573aa6f0d02ca2aacfa42fee43e,21
6f4838eae362ea841821c212e287b2dd,21
2fe3d5909b3be5d1e6f14757033f7bfb,21
271232305b30ff4c32799f6f78810619,21
468ce6680f4272dedd06b3c469a72596,21
96502ea81278f1c5a2838d3bf77d53f6,21
97400e7a71fd90eb0f75d044a945a8fb,21
bf1ef494efa39a9674dfdd0c84326f9e,21
f6bf4f1665790694dc567902ad33a272,21
d54ab6b16de272e8b6ac20e1d0993db8,21
36ea5590ba3760c2665684cfbca2a2fb,21
63597757b5b97b34091e5001f2728b01,21
57f943e68430529fcd6e74d50f97ee2f,21
f369f2f0e77bc9801ce5e80c849b4ac6,21
477613d20602e49d42d809fca9dfbb25,21
cf6947db24ab9782180a749747867fab,21
a56470a08ce2278cbcd0ec7dcc8a0fcf,21
ef365e60e1fdadb47daa78bdd480b67e,21
cb9ca9b9c1637c39b44447efe1e8b749,56
62b627999d7f5f1150bdf5a3548db630,56
f69c13cd88f39fc459a553e4b61e754e,56
385483c53dc1d0d34ada04fc6061dae7,56
6ce5d6064f3d0eebeea44e8db4ae6e20,56
0fd9464b230aa3da57bcc634f534a041,56
53036f4e5be86c1098109add09619b7f,56
403ca74403c4f581b4fe06f1f0d626cf,56
7b819a792ba0000ed005a9bfaf95e91e,56
885b9d3666fca68b084cff2482d10f40,56
620685a81492b6eb5d285501cb2096c2,56
28bc80b7e84c082bf644f5763cffd7ab,56
69dc3afd847af194d9736e01f4e7d098,56
fd37c5ac14a427c89d07030e9d13cd90,56
d4fa294e0cb0fb6d6e701156552a1220,56
79625d457037200b5a8826704781eba0,56
2e90bcf145e0f4199cb706700d6655b8,56
5d86d54d91587c290d51187b6b165481,56
5ac8797b7d0c11b91b250bd7dc8af364,56
0eaa239f5e489af71b3540e48fab79b0,56
9dab5d168c46d250286c9f4f3b13e288,41
2e1630abdac88d77b48aee6fc30f13b5,41
4b988c3bf03529d8ae903a2a02cce0d4,41
c206d7f2fbbdfcce059466d425554b9e,41
dae90625d3181a9b460b4c5257fbbdf2,41
49512e2b958e885cdc69ad42ca1d6acb,41
58c3aab3fba6dec446c0e6a7c9f3563a,41
6b9dca4d31ea01e3d50778390ef7e899,41
8ce015afbb8f87e9413581b4059c9bf9,41
f184d133687602f8e9b718e11a5ceb4a,41
911e1f65e1ffd30cc41bff90df630dfe,41
dc67c0d89aade608d1cb0d09f96ffb5b,41
8f5b5df8b537f83b5b4e780be5a7cf8b,41
da1d23b8d5eb281d620b419b1095c336,41
8378a91521f55e6f06be4f16a010f5ed,41
a4423ab718467001815f36726108e414,41
9ba77c9ed12f5cf90bdd7af3d0bade36,41
bab4aaafea16963287b034558465ab3e,41
2815679a9e8b72c380adc27b19c49b18,56
13ba15220e0cb180cfeb96d74dc0f00f,56
8c1d91edb7cf7d9e46377ca7a1df2c4a,56
59e59d6fd1124c5f24a879c307ab806d,56
d53bb9634cb2ecc3d6abb5dc5be39291,56
d2e8781f41bfa2029d86a499f4a82c0b,56
c0bac08cc09b97c40f4d5f4232a17b89,56
4cb8c2099dea8ab44388d6641cef29cf,56
9b81c45007320abdd4c4ec746861fa60,56
3d55b8c34666ff0df4f3ece51b797372,56
2aa628f8f12354cbabc52a825679af8a,56
880145d21c043d594e7a26cf8cb119f5,56
a3da6851a345f857558c86a4ca29aa92,56
d04617adb50551e1db3efb78bbd2919a,56
b4f91b6be282b92318ed9ad013b1dd4e,56
baabc979f993967b6055392347eb72d4,56
222125307219a99da96376beb86741cb,56
b7e8b539336eaa7e5a7ad2198dbae687,56
512e2084a4085e5a63cf9ff26fda39ee,56
da8acae9eea447471c2836d953d1c56e,56
de43e1e19ec7b868d46fd6cf87d24635,70
e8d52674bcb04dc5e325c3e6afea558b,51
d91af07755c553cadd5ebb4ea61b5c03,51
619b318c70a79d7fb4c317cf30417656,51
b631123f44416327b7fa5c6943fe4156,51
b25193427eaff6db804c9b193db04bfe,51
f0aba5831179832a87b32ddcde89f3c9,51
d620f986a17e3450809db8096618b835,51
6ac851a91bc416400c7c4cbc00e2d4a1,51
921ebd62ecc0326a9d459528d6f51e87,51
cac846f3851de68c4f2319ea91931911,51
adbb180d17292b6402492dbc5ed0e97e,51
f25889675256c7ebf922d3fc6d4c1f0a,51
f7e0693d1da2c3f4fd06cfd8428be3cf,51
72daa04e12446871dadc71fff27065ac,51
9795b13b6ffc919f5ed38b662f8ce038,51
222da44ee35593755f84e5577230ffed,51
8f5d90f6f037aa8cc347b19af5b1e7f0,51
3304e6d691c2f601f0a205d91ef03425,51
e7fd89e1a9d7388a6c661d4e812a6901,51
79b1498802f668a262e453636829cb88,51
592cda8a547789bd9c53577f37c63313,51
ae965ed48b282d9b6c9e9d88524b97e9,51
3c3d547bad36ff83aecb1d7f7f366931,51
792819aaa5ea5d040be33dd793b5e3ec,51
4d3ff3548f15884ef80bd3aef7a9cb5f,51
aaba9dd573d4163387b64552a9e87cad,51
d2e5f30f34b192e3c8d0ed09847ca1b8,51
159339e94cf5330e3b42e171febfdc98,51
3db466846043bb527f8bfeae81ba8b1b,51
fa5c4d40bdab4cec5aef4a9c7ce9af35,51
683dcd8b538b90cc520cb845761c4c13,51
8178346d78a176aaf590b8b4644cba69,51
11caaed3176308545ad12b7ad5a50bda,51
a76033a9aac4ad69a968b90cba937ead,51
f9eb98b4bebf0f81c6a74d2f27582a27,51
21ff000743ac8daee2894dfd13a71a7d,51
c9d377465ff760b56c04a5d58940f09f,51
f460ad65eb780b3e97b7b64bf82512c5,51
1ee5298020e16a9e37b5bcea51b522a8,51
45b409030ebe7e892820f6da2c2f9593,51
c86b182b2a19699b1b39ccf88f808166,51
3ad565e370027a589521b13af754c545,51
e7ce8c1f80e9dac211cc237ae6e596c3,51
f3b98c4f64795cc531c625c6bafe9852,51
5bc407abe5b6e8b15c7e3b65f667ac03,51
80717407d763e7c746e743f147300d89,46
f6bb4fc29560e3b0647cfb87e8bed81a,46
1ad90b169281dde17c3c94cd117dac83,46
985060d6c7447a31019db54e7ac0acff,46
6d3ec4d13bf3d334d592033f2721ffb7,46
bc45bf95b07da1b35624f5d94010bd92,46
451b24c9b3c4dea7657c776e3e47627b,46
0d2c357c33b24429039ae4065182b1a6,46
296edb9bfa14c1707143f82382782f7e,46
72ea365f2748f3797816713d4b6aa3ec,46
7f3979de51ee2cef9cc8300368b61196,46
c0ca08f4d345a6b72f090eba05eb0a6a,46
09eb32fc62cf711f65364dd0a5dc0369,46
6c233d267e793f923dd54e4cb4602f26,46
41eb239daf30fc255b76e23dcd4f1d88,46
4b8d12a0c7ac73f529af7030904adab7,46
f5ca55656903fb07950ab6ec82b1ae43,46
480e584000b415a0ded01e4e24ca7643,46
dd6a0ca4fcec81ad7dce9ee7a2e7b692,46
13eb32b62a009bb5af86f77d60cc3567,46
f0a38bb45bf610a08fe1b614abf66595,46
2bbca8602ed6d6b087afdc22149ef7af,46
c78cd0e1ae4d7b77f9e989a4e9c5b333,46
1af630965dea1b7d6541a0afb55e673a,46
102aad804197463eb4ef781d7ec90f13,19
d5576343e1d4a624da3114a0fb5af0bd,19
f35c78cbe4a38a6ccd76394487ccf0ed,19
764ca49041207f55b044c317ecd017e4,19
3dbac473f2bafcc06f29bc6f174ee3cd,19
23265374032cf1b988ff20e1803951ec,19
82a73b89660ff7a5b80302f5768d69fb,19
026b8ab7ec2e9d23c31786cdb25c283b,19
2e99cc091fef4c3b4f018fb66e7e0d5c,19
1a81fb91fc9b837326e819a9365d7ecb,19
4ba4228d3dd9121cb03d577fad442d4e,19
08136f043429983b6b36136aec73d3e6,19
7f6b93595803fa985d9dc6639e18679c,19
31d3a45b3194da1e1ce8f6f255e15a78,19
5e94bb64210a91f92cdf2c550251445b,19
1071106f94c6b1d83af3a16e3926ffbf,19
5a6ba503a9cf48e9545afebfdcfcea41,19
9ca203fc3e17d4af7de82d1dd4be6eb8,19
7a6efff58f394a3f38f8b7a34a6b0199,19
c08534d75aece876c3f20d2160834ad7,19
636080d9ccef8c2c4ef7f9ac2d6b00d2,19
8d80ead716048bdf53cbd07441ba1764,19
05558cd2ecd283b350ce410bf4190d7f,19
48f9c24f35fdc9199f76878e885aab25,19
2232e7e741d95baa39a409bcd184db93,19
29c96def03864506fb954fa95e1d86c2,19
a1a565899c7065c80efa509ec1424f11,19
a2b2452bc1b144b684182bd510e0e8f9,19
cf417f864c070f06c7cb9443fcda2ecb,19
336d8e77e27970b6432821c03f9f17c2,19
2476b7e6637eeaceaf088c7e8957e840,19
dd8b411a21b772c075c2b0c3276c613b,19
8d247fbb8187028cdcc7417da9ef7dd5,19
b1266d3d3a00eb73c64ba8af6fca1675,19
a132bb5b410b290382d31764d9d215bb,19
d030e3de3dffe9c2d956e0bcadb5a815,19
8d941797c8baf27bac92ac8e8e185051,19
3fd8537776bf7992791519ae8af001a1,38
17361b3595a34a3f43cf12045ccf27e8,19
9b6792f1d28fbf988619a3a2f0d7dc84,19
be5170df0e247959e6778d444734ec6a,19
b2950016cdba4116df120cfc0f1733f4,46
c716d469ab0bf539a26a95444fb01214,46
302f24a528a468d1281e188196f935ad,46
0307136e926d592a559a52ee93c0b465,46
c113397bae9fd4efc2250c8f923e30e6,46
71739f3808c20b39c718249916a52796,46
f8110fb1560220968075db15ef2d95b3,46
f506da7f85663243758afece8d9b3478,46
8435b3d3f201855dac7f208d8746cbaf,46
9c474b6ed24046cd617859e6275a5aeb,46
3b6f94399827b1cd37dec0266ec631fd,46
2824ef7c4943a2b1641b6da4083cd645,46
bdccf9e5bafc3edb84e08463f19dfdce,46
6c7bbf9be810d90663facb0a258245ff,46
aaf2258389b7b52e9ca2a7d9dbfce6e2,46
5d272128da1fdbb9c437ba655feb6349,46
ab9cce9f6ee342e79d3a6c4cbad5e02d,46
e4f2023f6fe16625a5e649b3dce1be53,46
07801b1c8fdc0eec981bd281e6455db5,46
b19409bbd5617b5bd50491bef46ddba3,46
4b98720e7f61104488edf9795bca51cd,46
46c27aa48932a7fd12b18c6f3a4b5619,46
e2ca85375e6a90dada5c35ffaca52070,46
02c47ca7b2bdcf043925e3de17d848f0,56
b5dec2b1dca3cf6c9c64822ec628e73c,56
5bdc3084f22a90d07e4354919f12280e,56
063e947cb0fa0b8aa851ec5c8717b2b3,56
be6ba1f6311843e6e8a75a9921494cb2,56
196a811482ffede01ba352d667371d41,56
ff618cf9d049b3bfa9258763b05257d7,56
c485a8e9b3b2b770f55ba4cb6364e938,56
c7de753bc75feb44ec0073270c2ed643,56
72920d4d2bd0e7c01080ab80851896cb,56
279c20a47d906ea5e638bb654e6b9844,56
7a5b88591f5fe5e603a50da09fb2b6aa,56
b77dd4d18521911de5b6d3937e146a8d,56
188d8bad12619c5524b96524af2547f6,56
01e8a52d25a104f6e06fd69934929a49,56
e88ebf129c8782b5c179dacec09a56a6,56
9a2955435a9b20fdadbf8f3b55793cfa,56
a472a0725fe5cd024dc2aec96a670cbf,56
cf4a1286e42320ed01996b94345de7cc,56
202682d96e5213f18252e10b3295ff9f,56
f5bc8cf28d2a88843346fc1a482fe8ab,56
dd44b05e252e9b4777324a4d9ab9ee5f,56
79f50dafe602e656f908ca51303f4bee,56
58a1568b8e8e8e3913e0ac65670be8b7,26
7e13a4f7a9ed9af5b4514e49cd512606,26
73980a73cd8894931f3c39adac79e35e,26
73d97502e5b7ca17b26a69d0d881c107,26
5865cda475966fb8cdf3518984004760,26
74e1b2e5f110221b7ff425c68a3bd89c,26
0194157b11214feb91b2a0a8af3a02e4,26
f6519ea27d6706a035379d8b740c5561,26
e7cb04e94e428c54a0349fb027ab11ac,26
cc227de7b1157b393412aeca52beee7e,26
de233c859bef17bc2488ace2f73edf57,26
d9acc3c5adf49b3e1cc60a030f383917,26
3f67c7339e5469994ce87b1f3ddc8c88,26
09ed77be052c386951d7ede72ae7fde4,26
364413be11930d3f5c5c2c5e1430fb7e,26
47507f768b1389e145329b6bc3120c96,26
e97e151979ce58d5277608f33c13ee41,26
9a5089d93042aac1445a05e2b6f990d4,26
dbb450ddb034551a0920a920b6b0ec2e,26
4b35ddfa2e837b97158c475534b995c8,26
122b5d3588991afc1340b27a09e9b28a,26
a5c81c066efa4939a4ab98a20c54884f,26
aea291ae12f9070fa541c144d91a6a40,79
95dc0ceaab7471bb667f09e50a425270,33
0df31f905aba71d1c31bbd22b98c8e2b,33
8d033cd7a29a3fed14b15fafc2ce3d81,33
6a0c0781f34716779bf36023b61a3870,33
65ca2765feb3551119ee9b3f4a02100f,33
7c24635ca1fef657da6b67648110ede0,33
155f538a28ae8ef506e0ad7a9f79812d,33
bd79b93a92ecafc96f20e0864effb927,33
55aade860450c81fae29235ac6c333fa,33
dbb5ea896d9287a281ee82432df22dcf,33
940d3d5711e801f4073ac4d7d122fe0a,33
eacc79dbb494aa4f4470659d7a4c0424,33
941eb2e7abf043614f83006d7df9b26f,33
c4095e0988a0dba166870b33cf895ce3,33
a9f8bcdf7f8cd198c36007907f503ac1,33
8ecb3e4db0e0c0c719eaa0de06f7fa69,33
e3e681b6df3b3edac0dc0b4fafb0fba3,33
f00a4ee4aee22215b6069feed08c8847,33
8822b9dd8ec1d37f0619fb74fe6f6998,33
f99a9f7953758ffee4b8a44cf24cb8ad,33
c70e4fc1289a5a6c18dc75c9642a2f33,33
6dce63b1ada168314f9f5e4c0e4ed58c,33
624a1abe7d1e8e91e948691a3c532b62,33
73871bd068f52301d5a7a084dd4bc09e,33
d66e59b1f3ec1854fd918e4d4ec9a11d,33
701fb52f658a36774b8fb1de5699b43a,33
7a8e4a998a32606e24f24a303bc32412,33
727d0b31dcdc978f82e53750e4990a8d,33
b6a95c67a64bd8fd5fe4126431a5987b,33
bd2055a64fbbf0353eba05553c3f074a,33
155a05952ace661fafcb707974d23adb,51
d358a285bc8bd4dc8a0887abdfab3f00,51
105a3d84dbe9f4edc9d59881a9cf4b25,51
783468426b8f67cebf05c5cb648c4d8f,51
a308676821bb698b379e6945f10b38d6,51
3bef0886dee41c16ba93fe78bccfd9f8,51
0d13e2a39aa1e2ab39a5ee0dd7cdf3a9,51
7d4ee103dd87386724a695155c0cf0b2,51
83bc331a5b5bb86a43a5bca2f09ce81c,51
f7d045890d1e5cb805436b048c0d532b,51
5e747b779308cde47e1040594f58ee08,51
de80500467e287698cf8367f6772e2d3,51
6421a0dacaaa3eb03c19199c297d7bda,51
b42e36305adc993c827509f1be00224c,51
7cc4391186cf9b8852b46d32889a1aae,51
ea2875546de212630cbc821ca8f80bfd,51
ad34f85d55305ee6ee1e30ca6fc7d34e,51
196a64285fe2d81a222a2fd0be98064a,51
223cdd69b58bbe75ced5e13c5eeec0fa,51
2af45c5329457ab2776fd3a26702bd9b,51
0efe6c0c7b99dba52c65ca70564247be,51
cf4ad5721fdc431df2451cbbd28f163b,22
2d7d5183540af3522b600d226733cb98,22
e44c0d0f311f07794e590c793e42ea7c,22
2029f04c570e4f9c0fcfe737e0b134a8,22
168f0f89e7998f167d6301a87354ddbf,22
a346413a2e9092460b9f9cd6d5bb2935,22
bb35f2e1759cc76ff5dfe44b501dd082,22
efb609ad5645d447a192851090bf1514,22
d2cdcebb4dac7c334dd0b1580f7e2ea3,22
f95d6a12673943d70920dbfb285c73b6,22
bcb66ca00102707f495a019398800ed8,22
de3bf95885e00f5253dfa8fb83b08b6d,22
2ec0b3f4f77af041b376a23bc4faa00a,22
b664678e0393670cdf883f409a8e5db1,22
795ad94d93ec3f76143f69d7b620563e,22
8d32c2fc906509df3a7d807590d53371,22
63deddec138a136b66053a8c7a865ee8,22
8a714b6b79fe50eb53e3bd7fe307cea3,22
48ea850f6ae189eea148643e4ebd370b,22
200894538f6b70e1e1b5526a80dfa967,22
94847e4f052b8fbfbb035772fd5557d8,22
6c964b960f0811a77485d95d93705e46,22
ec94a22b01cd2e9b5da5ea0e0fa81b94,22
d5eceb6ed5e650074fd2c5627a19a540,22
2e6c2cd15de3b6eb450c916cc3bffcbe,22
93ec88ba6e3b3efb9d39833c22a9aedf,22
28577a774263a4676e9fcd6479f3434f,22
bd5b63103ea3b3fd2d74cbd5551549df,22
080c951e819e26c1a2b83fb6ec44f8e3,22
85f7b2e42030c1eea1e56298bf57c077,22
7344685e28452ca3d3cc6e22090011c4,22
6209c4cbe19d91dbd0bbf579a897bc5e,22
6fae112e40be72ea367e9adae91bc49a,22
2e75e4693aeedf8e6d5d1aead3dc69f0,22
a2d8f925e212ca9144bb15e376bcf386,22
3d4869e5a081a2df8b3dbf7cf560d3ed,22
eb5183d5ad4fafacb3580f0499cc8dd4,22
cd8f8226323fd40d041a9b93a527f1ac,22
45680ddd64487d6dd672b2ba8394d317,29
675aa25d98aa870e4c98339cd1d1694a,29
eb0fc3a362279a6a2a42de09ae83b154,29
db65cf6be700b54ababedcb4f731d0cd,29
a6e147fca313b73136ab3918b7bbe002,29
0ba0578c7277b54be68254e635ed0795,29
18833f70dcdbec8485add0cf5873aec7,29
f4547b9e71cd3cced9ce7bdb50f9f673,29
32538042fb0adbbf6c70ee7900609048,29
cee6652a00b9fbcfae7434ce94d4c9b1,29
4587244ca9ce334ecfa84cfbe4516a97,29
d222d214ffc7b1c0009e85c61b68e19b,29
10cf8eaf6b16d6bfcbdbbf5c3b313dc4,29
ec86cb4ee5ab2f9ab84a5e99acfb0158,29
20aa77c862316ba49a34b905f2179dda,29
2ac99f502f597bd4e6daad6a69628d5a,29
2e2a977bd5f6bf76f17012613f78a1a5,29
5493c6cb46d886d044d9bdd57eaa05c0,29
a85d07d37828557eb83a7456330b870e,29
fdbb986bb23749da41e109fd475737cb,29
0cc8d0b559689cf73c72eaede629373f,29
f0c16f07025d47771f1bfdbe0002aa28,29
a0882ea5fbf068bf0ee833e0b25cd36e,29
f68d5bf21b32173d1551bb6a326ff5ba,29
101552161e0624a22d556326a0dab0eb,29
388b6e211ed16e4d05783db3dfe5c750,29
8c2aeb8e19334774e99d0386b1e224a8,29
a2c019123a1f294aabe72895c755dd16,29
3b1797da281b7eb5bb25e5333d9b61e1,46
0fb7992e4358699547cd5219ad3de31d,46
35b758978e7c6733ebff56bed008f82b,46
7896b4fdd347c352c59d0a59a503f445,46
744ea9affd67a83a1d264274e02497cf,46
89c3ad0ac5509630c78942dfafb22d77,46
6b85613d6d7d45b3ce46cf632ae6e5f2,46
1d106d3f091615d6705ff802d5cbffde,46
1e5aa587e1c24aea120b5bf3c520ddad,46
c5ec0b9258b3a56d07a8359908998d2d,46
dcdb48dafe1dbad4a07a60b2f88ec29b,46
b2ab5dc8f0b871f21d6db61c1d0417b0,46
180fd642f59db0e01047b89cfc625c39,46
6b5330c1f7d22c945ca3858ef7057e41,46
1d7a8149aade9868e4dc9b424bc6564a,46
b80ec221f4a375a24ce5770393ca0168,46
6337f9f3a8abc983743e7336da82a3da,46
2ee6e382beac3a1bb243d0c1b856d2b9,46
